TRIFARMA ,https://www.trifarma.it/
Trivitron Healthcare ,https://www.trivitron.com/
SciGenom ,http://www.scigenom.com/
Amanta Healthcare ,http://www.amanta.co.in/
Apcer Life Sciences ,https://www.apcerls.com/
Charles River Laboratories ,https://www.criver.com/
Clinnex ,http://www.clinnex.com/
Concord Biotech ,http://www.concordbiotech.com
Cytel ,https://www.cytel.com
Dishman Specialty Chemicals ,http://www.dishmangroup.com
Eris Lifesciences ,https://eris.co.in/
Intas Pharmaceuticals ,https://intaspharma.com/
Lambda Therapeutic Research ,https://www.lambda-cro.com/
Saffron Therapeutics ,http://saffrontherapeutics.biz/
Torrent Pharmaceuticals ,http://www.torrentpharma.com/
Troikaa Pharmaceuticals ,http://www.troikaa.com/
Veeda Clinical Research ,https://veedacr.com/
Xcelris Genomics ,https://www.xcelrisgenomics.com/
Zydus Cadila ,http://zydususa.com/
Sun Pharmaceuticals ,http://www.sunpharma.com
Orchid Pharma ,http://www.orchidpharma.com
PolyPeptide Group ,https://www.polypeptide.com/
Sun Pharmaceuticals ,http://www.sunpharma.com
Achira Labs ,https://achiralabs.com/
Allergan ,https://www.allergan.com/
Anthem Biosciences ,http://www.anthembio.com/
Atonarp ,https://www.atonarp.com/
Aurigene ,https://www.aurigene.com/
Biocon ,https://www.biocon.com/
Charles River Laboratories ,https://www.criver.com/
Cytel ,https://www.cytel.com
Eurofins Advinus ,http://www.advinus.com
Farcast Biosciences ,https://www.farcastbio.com/
Gangagen ,http://www.gangagen.com/
MedGenome ,https://www.medgenome.com/
MilliporeSigma ,https://www.sigmaaldrich.com/
Navitas Life Sciences ,https://www.navitaslifesciences.com/
Novotech ,https://novotech-cro.com/
Novozymes ,https://www.novozymes.com/en
Quanticate ,https://www.quanticate.com
Richcore Lifesciences ,http://richcoreindia.com/
Skanda Life Sciences ,http://www.skandalifesciences.com/
Stelis Biopharma ,http://stelis.com/
Stempeutics Research  ,http://www.stempeutics.com/
Strand Life Sciences ,https://strandls.com/
Strides ,http://www.strides.com/
Syngene International ,https://syngeneintl.com/
Syngene International ,https://syngeneintl.com/
Tenshi Kaizen ,http://www.tenshi.co.in/
TheraIndx Lifesciences ,https://theraindx.com/
Zumutor Biologics ,http://www.zumutor.com/
Bioneeds  ,http://www.bioneeds.in/
4Basecare Genomics ,https://4basecare.com/
ATRIMED BIOTECH ,https://atrimed.com/
Cipla ,https://www.cipla.com/
 ,https://www.recipharm.com/
Wockhardt ,http://www.wockhardt.com
Niya Biotech ,http://niyabiotech.com/
AcrannoLife Genomics ,http://acrannolife.com/index.html
Morulaa HealthTech ,https://morulaa.com/
Orchid Pharma ,http://www.orchidpharma.com
Orchid Pharma ,http://www.orchidpharma.com
Par Pharmaceutical ,https://www.parpharm.com/
Vingyani ,https://vingyani.com/
MedGenome ,https://www.medgenome.com/
SciGenom ,http://www.scigenom.com/
Amneal Pharmaceuticals ,https://www.amneal.com/
Antex Pharma ,http://www.antexpharma.com/
StemGenn Therapeutics ,https://stemgenn.com/
Vyome Therapeutics ,https://www.vyometx.com/
Cipla ,https://www.cipla.com/
Cadila Pharmaceuticals ,https://www.cadilapharma.com/
Wockhardt ,http://www.wockhardt.com
Rasa Life Science Informatics ,https://www.rasalsi.com/
Lupin ,https://www.lupin.com/
Alembic Pharmaceuticals ,https://www.alembicpharmaceuticals.com/
Apicore ,http://www.apicore.com
Century Pharmaceuticals Ltd ,https://www.centurypharma.com/
APAC Biotech ,https://www.apacbiotech.com/
Imperial Life Sciences ,http://www.imperialls.com/
Lumenis ,https://lumenis.com/
MedGenome ,https://www.medgenome.com/
Premas Biotech ,https://www.premasbiotech.com/
Sentiss  ,https://sentisspharma.com/
Syngene ,https://www.syngene.com/
Sphaera Pharma ,http://www.sphaerapharma.com/
Akorn ,http://www.akorn.com
Innoplexus ,https://www.innoplexus.com/
Adept Pharma and Bioscience Excellence ,http://www.adeptpharmabio.com/
airis Pharma ,http://airispharma.com/
Aurigene ,https://www.aurigene.com/
Aurobindo Pharma ,https://www.aurobindo.com/
Axis Clinicals ,http://www.axisclinicals.com/
Bharat Biotech ,https://www.bharatbiotech.com/
BioGenex ,https://www.biogenex.com
Biological E. ,http://www.biologicale.com
CaroCure Discovery Solutions ,https://carocure.com/
Cellix Bio ,https://www.cellixbio.com/
Charles River Laboratories ,https://www.criver.com/
Cytel ,https://www.cytel.com
CytoMol ,http://www.cytomol.in/
Dr Reddy’s CPS ,https://www.drreddys-cps.com/
Dr. Reddy's Laboratories ,http://www.drreddys.com
Exela Pharma Sciences ,https://www.exelapharma.com/
Gland Pharma ,http://www.glandpharma.com/
Global Pharma Tek ,https://globalpharmatek.com/
GVK BIO ,https://www.gvkbio.com/
Hetero ,https://www.heteroworld.com/
Hinge Clinica ,https://www.hingeclinica.com/
Indian Immunologicals ,http://www.indimmune.com
Issar Pharmaceuticals ,https://issar.co.in/
Laurus Labs ,http://www.lauruslabs.com/
Mapmygenome ,https://mapmygenome.in/
Mardil Medical ,https://www.mardil.com/
MSN Labs ,http://www.msnlabs.com/
Natco Pharma ,https://www.natcopharma.co.in/
Natco Pharma ,https://www.natcopharma.co.in/
 ,https://www.qps.com/
Sambi Pharma ,http://www.sambipharma.com
Suven Life Sciences ,http://www.suven.com/
Vagdevi InnoScience ,http://www.vispl.net/
Vivo Bio Tech ,http://www.vivobio.com
CloudLIMS ,https://cloudlims.com/
PREMIER Biosoft ,http://premierbiosoft.com/
Orchid Pharma ,http://www.orchidpharma.com
Sun Pharmaceuticals ,http://www.sunpharma.com
 ,https://www.recipharm.com/
Cipla ,https://www.cipla.com/
Diverse Genomics ,http://www.diversegenomics.com/
Suraksha Diagnostic ,https://www.surakshanet.com/
inDNA Research Labs ,http://indna.in/
Wockhardt ,http://www.wockhardt.com
Wockhardt ,http://www.wockhardt.com
Wockhardt ,http://www.wockhardt.com
Natco Pharma ,https://www.natcopharma.co.in/
Lupin ,https://www.lupin.com/
Geno Pharmaceuticals ,http://www.genopharma.com/
Bizotic Lifescience ,http://bizoticlifescience.com/
Piramal ,https://www.piramalpharmasolutions.com/
Advanz Pharma ,https://www.advanzpharma.com/
Ajanta Pharma ,http://www.ajantapharma.com/
Alkem Labs ,https://www.alkemlabs.com/
Bharat Serums & Vaccines ,https://www.bharatserums.com/
BioReliance ,https://www.bioreliance.com/us/
BioTek Instruments ,https://www.biotek.com/
Calyx Pharma ,http://calyx-pharma.com/
Chandra Bhagat Pharma ,http://cbcpharma.com/
Charles River Laboratories ,https://www.criver.com/
Cipla ,https://www.cipla.com/
CS Bio ,https://www.csbio.com/
Ergomed ,https://www.ergomedplc.com/
Fosun Pharma ,https://www.fosunpharma.com/en/
Haffkine Biopharmaceuticals ,https://www.vaccinehaffkine.com/
Indoco Remedies ,https://www.indoco.com/
Ions Pharma ,http://www.ionspharma.com/
Ipca Laboratories ,https://www.ipca.com/
Jonakayem Pharma - Formulation ,http://www.kayempharma.com/
Koye Pharmaceuticals ,https://koye.co/
,https://biopharmguy.com/database.php
Lupin ,https://www.lupin.com/
Lupin ,https://www.lupin.com/
Marksans Pharma ,http://marksanspharma.com/
Medley Pharmaceuticals ,http://www.medleylab.com
MJ Biopharma ,https://www.mjgroup.co.in/industry-biopharam/
Pfizer ,https://www.pfizer.com/
Sun Pharmaceuticals ,http://www.sunpharma.com
THINQ Pharma-CRO ,http://www.thinqcro.com/
USV Biologics Division ,http://www.usvbiologics.com/
USV Peptides Division ,https://www.usvpeptides.com/
Wockhardt ,http://www.wockhardt.com
GeNext Genomics ,https://www.gng.asia/
Natco Pharma ,https://www.natcopharma.co.in/
Wockhardt ,http://www.wockhardt.com
Wockhardt ,http://www.wockhardt.com
Datar Cancer Genetics ,https://datarpgx.com/
Epygen Biotech ,https://epygenbiotech.com/
Apcer Life Sciences ,https://www.apcerls.com/
Delveinsight Business Research Group ,https://www.delveinsight.com
Panacea Biotec ,https://www.panaceabiotec.com/
PharmaLex ,https://www.pharmalex.com/
Advancells ,https://www.advancells.com/
Curadev ,https://www.curadev.in/
Sun Pharmaceuticals ,http://www.sunpharma.com
Eisai ,https://www.eisai.com/index.html
Cipla ,https://www.cipla.com/
Bilcare ,http://www.bilcare.com
Cipla ,https://www.cipla.com/
Cytel ,https://www.cytel.com
Emcure Pharmaceuticals ,http://www.emcureusa.com/
Enzene Biosciences ,https://enzene.com/
NovaLead Pharma ,https://www.novaleadpharma.com/
Shantani ,http://shantani.com/
Synthink Research Chemicals ,https://synthinkchemicals.com/
ArrayGen Technologies ,https://www.arraygen.com/
Dr. Reddy's Laboratories ,http://www.drreddys.com
Natco Pharma ,https://www.natcopharma.co.in/
Natco Pharma ,https://www.natcopharma.co.in/
Cipla ,https://www.cipla.com/
Cipla ,https://www.cipla.com/
Sun Pharmaceuticals ,http://www.sunpharma.com
Cipla ,https://www.cipla.com/
Concept Medical ,https://www.conceptmedical.com/
Lupin ,https://www.lupin.com/
Ferring Pharmaceuticals ,http://www.ferring-research.com
Natco Pharma ,https://www.natcopharma.co.in/
Sun Pharmaceuticals ,http://www.sunpharma.com
Cipla ,https://www.cipla.com/
Amneal Pharmaceuticals ,https://www.amneal.com/
Lonza ,https://www.lonza.com/
