Company Name,Career Website
Proximity Biosciences ,http://www.proxbio.com/
BioCryst Pharmaceuticals ,https://www.biocryst.com/
BioGX ,https://biogx.com/
Bridge Therapeutics ,https://www.bridgetherapeutics.com/
DiscoveryBioMed ,https://discoverybiomed.com/
Evonik Industries ,https://corporate.evonik.com/en/
Proteus Genomics ,http://plabs.com/
SouthernBiotech ,https://www.southernbiotech.com
Trialtus Bioscience ,https://trialtusbioscience.com/
Rheumatology Associates of Northern Alabama ,http://rana-hsv.org/about-us/
Discovery Life Sciences ,https://www.dls.com/
Foresight Biosciences ,http://foresight-bio.com/
GeneCapture ,https://www.genecapture.com/
iXpressGenes ,http://www.ixpressgenes.com/
Kailos Genetics ,https://www.kailosgenetics.com/
Nektar Therapeutics ,https://www.nektar.com/
Rheumatology Associates of Northern Alabama ,http://rana-hsv.org/about-us/
Serina Therapeutics ,https://serinatherapeutics.com/
SynVivo ,https://www.synvivobio.com/
Kowa Pharmaceuticals ,https://www.kowapharma.com/
PNP Therapeutics ,http://www.pnptherapeutics.com/
Poly Pharmaceuticals ,http://polypharm.net/
BioTechLogic ,http://www.biotechlogic.com
Synexus ,https://www.synexus.com/
Gore Medical ,https://www.goremedical.com/
Machine Solutions ,https://machinesolutions.com/
Symple Surgical ,http://www.symplesurgical.com/
Actisound ,https://actisound.com/
Eyetech Digital Systems ,https://eyetechds.com/
FirstSense Medical ,https://firstsensemedical.com/
Guided Therapy Systems ,https://www.guidedtherapy.com/
Icagen ,http://www.icagen.com/
AmeRuss ,http://ameruss.com/
Amnio Technology ,https://amniotechnology.com/
Arizona Research Center ,https://www.azresearchcenter.com/
Axolotl Biologix ,https://www.axobio.com
Caris Life Sciences ,https://www.carislifesciences.com/
Celgene ,https://www.celgene.com/
Fulcrum Genomics ,https://www.fulcrumgenomics.com/
Humabiologics ,https://humabiologics.com/
Iron Horse Diagnostics ,https://www.ironhorsedx.com/
OncoMyx Therapeutics ,https://www.oncomyx.com/
Ordinatrix ,https://www.ordinatrix.com/
Paradigm Diagnostics ,https://www.paradigmdx.com/
Precision Trials ,http://www.precisiontrials.com/
Ribomed ,http://ribomed.com
Applied Biologics ,https://www.appliedbiologics.com/
Fry Laboratories ,https://frylabs.com/
Hope Pharmaceuticals ,https://hopepharm.com/
Journey Medical ,https://journeymedicalcorp.com/
Kantar Health ,http://www.kantarhealth.com
New Amsterdam Sciences ,https://newamsterdamsciences.com/
Oncology Venture ,https://oncologyventure.com/
PathogenDx ,https://pathogendx.com/
Regenesis Biomedical ,https://www.regenesisbio.com/
RenovaCare ,https://www.renovacareinc.com/
Sonoran Biosciences ,https://www.sonoranbiosciences.com/
The Tech Group ,https://www.westpharma.com/
Yaso Therapeutics ,https://www.yasotherapeutics.com/
C.R. Bard ,https://www.crbard.com/en-US/
Calviri ,https://calviri.com/
Celerion ,https://www.celerion.com/
EAG Laboratories ,https://www.eag.com/industry/pharmaceuticals/
GenoSensor Corporation ,http://www.genosensorcorp.com/
GT Medical Technologies ,https://www.gtmedtech.com/
iNanoBio ,https://inanobio.com/
SDC ,https://www.sdcclinical.com/
Susavion Biosciences ,http://susavion.com/
Synexus ,https://www.synexus.com/
The Tech Group ,https://www.westpharma.com/
The Tech Group ,https://www.westpharma.com/
3dbiosurface Technologies ,https://3dbiosurfaces.com/
Accelerate Diagnostics ,https://acceleratediagnostics.com/
Aqualung Therapeutics ,https://www.aqualungtherapeutics.com/
Avery Therapeutics ,https://averythera.com/
Cancer Prevention Pharmaceuticals ,https://canprevent.com/
HTG Molecular Diagnostics ,https://www.htgmolecular.com/
Luceome Biotechnologues ,https://www.luceome.com/
Medipacs ,http://www.medipacs.com/
Microvascular Therapeutics ,https://www.mvtpharma.com/
MSDx ,https://msdx.co/
MZ Biolabs ,http://www.mzbiolabs.com/
Nanopec ,https://www.nanopec.com/
NuvOx Pharma ,http://www.nuvoxpharma.com/
ProNeurogen ,http://www.proneurogen.com/
Radiance Therapeutics ,https://radiancetherapeutics.com/
Reglagene Holding ,https://www.reglagene.com/
Regulonix ,https://regulonix.com/
SalutarisMD ,http://salutarismd.com/
Sierra Bioresearch ,https://www.sierrabioresearch.com/index.html
Snyder Biomedical ,https://www.snyderbiomedical.com/
Souvie Biodelivery ,https://souviebiodelivery.com/home
SynCardia Systems ,https://syncardia.com/
Synexus ,https://www.synexus.com/
Valley Fever Solutions ,http://www.valleyfeversolutions.com/
Vante ,https://cathetertipping.com/
Xeridiem ,http://www.xeridiem.com/
SWITCH Biotech ,http://www.switch-biotech.com/About%20Us.html
US Compounding ,https://www.uscompounding.com/
Boston Mountain Biotech ,https://www.mtnbio.com/
CardioWise ,https://www.cardiowiseinc.com/
Lineus Medical ,https://lineusmed.com/
SFC Fluidics ,https://www.sfc-fluidics.com/
Zystein ,https://www.zystein.com/
Applied Research Center ,http://arcarkansas.com/
Evolution Research Group ,https://www.joinaresearchstudy.com/
Ezra Pharma ,http://www.ezrapharma.com/
InterveXion Therapeutics ,http://intervexion.com/
Nushores Biosciences ,https://nushores.com/
SCA pharmaceuticals ,https://scapharma.com/
Evolution Research Group ,https://www.joinaresearchstudy.com/
Pel-Freez Biologicals ,https://www.pelfreez-bio.com/
ImmunoVision ,http://www.immunovision.com
Now Diagnostics ,https://nowdx.com/
,https://emerypharma.com/services/?utm_source=Biopharma%20Guy&utm_medium=Banner
 ,https://www.nuventra.com/
Epygen Biotech ,https://epygenbiotech.com/
3DBiopsy ,https://3dbiopsy.com/
Atara Biotherapeutics ,https://www.atarabio.com/
Avidity ,https://www.avidity.com/
Cerebral Therapeutics ,https://www.cerebraltherapeutics.com/
ClearSight ,http://www.clearsightiol.com/
Immunomolecular Therapeutics ,https://imtherapeutics.com/
Lohocla Research Corporation ,https://lohocla.com/index.php
Machavert Pharmaceuticals ,https://www.machavert.com/
MBC Pharma ,http://www.mbcpharma.com
MenoGeniX ,http://www.menogenix.com/
Neurotron ,http://www.neurotron.com
Ocugen ,https://ocugen.com/
PhosphoSolutions ,https://www.phosphosolutions.com/
Taiga Biotechnologies ,https://www.taigabiotech.com/
Ventria Bioscience ,http://www.ventria.com
Compass Biotechnology ,http://compassbiotechnology.com
Alpine Clinical Research Center ,http://www.alpineresearch.com/
ArcherDx ,https://archerdx.com/
Arpeggio Biosciences ,https://arpeggiobiosciences.com/
Biodesix ,https://www.biodesix.com/
Bolder Biotechnology ,http://www.bolderbio.com
Brava Diagnostics ,https://bravadx.com/
Brickell Biotech ,https://brickellbio.com/
Clovis Oncology ,https://clovisoncology.com/
CordenPharma ,https://www.cordenpharma.com/
Crestone ,http://www.crestonepharma.com/
Dropworks ,https://www.dropworks.com/
Edgewise Therapeutics ,https://edgewisetx.com/
Encision ,https://www.encision.com/
HistoTox Labs ,https://histotoxlabs.com/
i2 Pharmaceuticals ,http://i2pharma.com/
InDevR ,https://indevr.com/
Inscripta ,https://www.inscripta.com/
mBio Diagnostics ,http://mbiodx.com/
Medtronic ,https://www.medtronic.com/us-en/index.html
miRagen Therapeutics ,http://www.miragen.com
Mosaic Biosciences ,http://www.mosaicbio.com/
Orbit Genomics ,https://www.orbitgenomics.com/
PanTheryx ,https://pantheryx.com/
ProPharmaCon ,http://www.propharmacon.com/
SomaLogic ,https://somalogic.com/
Watchmaker Genomics ,https://watchmakergenomics.com/
Corgenix ,https://www.corgenix.com/
FluoroFinder ,https://fluorofinder.com/
INTIO ,http://www.intio.us/
Prevacept Infection Control ,https://www.prevacept.com/
Regenexx ,https://regenexx.com/
Cochlear ,https://www.cochlear.com/us/en/home
Aspire Biotech ,http://www.aspirebiotech.com/
HemoGenix ,https://www.hemogenix.com/
Preferred Cell Systems ,https://preferred-cell-systems.com/
Pyxant Labs ,https://www.pyxant.com/
Spectranetics ,https://www.spectranetics.com/
Arthroventions ,http://www.arthroventions.com/
Cerecin ,http://www.cerecin.com/
Cytoskeleton ,https://www.cytoskeleton.com/
Genesee Biomedical ,http://www.geneseebiomedical.com/
Pharmatech ,https://pharmatech.com/
Siva Therapeutics ,http://sivatherapeutics.com/
Upsher-Smith ,https://www.upsher-smith.com/
Ampio Pharmaceuticals ,https://ampiopharma.com/
Aytu BioScience ,https://aytubio.com/
Viveve ,https://us.viveve.com/
Zynex Medical ,https://www.zynex.com/
Care Research LLC ,http://www.careresearchllc.com/
Geocann ,https://www.geocann.com/
Green Sun Medical ,http://www.greensunmedical.com/
Marizyme ,https://marizyme.com/
SiVEC Biotechnologies ,https://www.sivecbiotechnologies.com/
Tolmar ,https://www.tolmar.com/
Vivaldi Biosciences ,https://www.vivaldibiosciences.com/
PharmaJet ,https://pharmajet.com/
Vitro Biopharma ,https://vitrobiopharma.com/
BioMimetix JV ,http://biomimetixpharma.com/
CONMED ,https://www.conmed.com/
HepQuant ,https://hepquant.com/
Securisyn Medical  ,https://www.securisyn.com/
Sana Health ,https://www.sana.io/
Prytime Medical ,https://prytimemedical.com/
bioZhena ,http://www.biozhena.com/
CereScan Corp ,https://cerescan.com/
dbMEDx ,https://dbmedx.com/
enQuire Bioreagents ,https://enquirebio.com/
Acertara Acoustic Laboratories  ,https://www.acertaralabs.com/
ANDE ,https://www.ande.com/
AveXis ,https://www.avexis.com/
KromaTiD ,http://www.kromatid.com/
RMC Pharmaceutical Solutions ,http://www.rmcpharma.com
AmideBio ,https://www.amidebio.com/
Bolder Surgical ,https://boldersurgical.com/
Colibri Heart Valve ,https://www.colibrihv.com/
Eximis Surgical ,https://www.eximissurgical.com/
Medtronic ,https://www.medtronic.com/us-en/index.html
Septodont ,https://www.septodont.com/
Beckman-Coulter ,https://www.beckmancoulter.com
Heska ,https://www.heska.com
DePuy Synthes ,https://www.jnjmedicaldevices.com/en-US/companies/depuy-synthes
Propharma Partners ,https://www.propharmap.com/
ARCA Biopharma ,https://arcabio.com/
Cerapedics ,https://cerapedics.com/
Flagship Biosciences ,https://www.flagshipbio.com/
TriSalus Life Sciences ,https://trisaluslifesci.com/
Ablacon ,https://ablacon.com/
Western States Clinical Research ,https://wscrinc.com/
Nanoly Bioscience ,http://www.nanoly.info/
