Austrianova Biotechnology ,http://austrianova.com/
Abbott ,https://www.abbott.com/
1st Base ,http://www.base-asia.com
3-D Matrix ,https://www.3dmatrix.com/
AbbVie ,https://www.abbvie.com/
ACM Biolabs ,https://www.acmbiolabs.com/
Advent Access ,https://www.adventaccess.com/
Amgen ,https://www.amgen.com/
Angsana Molecular and Diagnostics ,https://www.parkwaylab.com.sg/angsana
Aslan Pharmaceuticals ,http://aslanpharma.com/
AUM Biosciences ,https://www.aumbiosciences.com/
Baxter ,https://www.baxter.com/
Biosensors International ,https://www.biosensors.com/usa/
Carmine Therapeutics ,https://www.carminetherapeutics.com/
CellResearchCorp ,https://www.cellresearchcorp.com/
Cerecin ,http://www.cerecin.com/
Chugai Pharmabody Research ,https://chugai-pharmabody.com/
Clinuvel Pharmaceuticals ,https://www.clinuvel.com/
DDi ,https://www.ddismart.com/
DotBio ,https://www.dotbio.com/
DX REP ,https://sites.google.com/dxrep.com/home
EAG Laboratories ,https://www.eag.com/industry/pharmaceuticals/
Eisai ,https://www.eisai.com/index.html
Engine Biosciences ,https://www.enginebio.com/
Fosun Pharma ,https://www.fosunpharma.com/en/
GlaxoSmithKline ,https://www.gsk.com/
Hummingbird Bioscience ,https://www.hummingbirdbioscience.com/en/
Inex Innovations Exchange ,https://www.inex.sg/
InvitroCue ,https://www.invitrocue.com/
iX Biopharma ,http://www.ixbiopharma.com/
Lion TCR ,http://liontcr.com/
Lucence Diagnostics ,https://www.lucence.com/
MediSix Therapeutics ,http://medisixtx.com/medisix-therapeutics
Merck KGaA ,https://www.emdgroup.com/en?global_redirect=1
MerLion Pharmaceuticals ,https://www.merlionpharma.com/
Micropoint Technologies ,https://micropoint-tech.com/
MiRXES ,https://mirxes.com/
Moleac ,http://www.moleac.com/
Nova Satra Dx ,http://novasatra.com/
Novotech ,https://novotech-cro.com/
Pfizer ,https://www.pfizer.com/
Prestige BioPharma ,https://www.prestigebiopharma.com/
Proteona ,https://proteona.com/
Roche ,https://www.roche.com/
SimPharma ,https://www.simpharma.com.sg/
Singapore Advanced Biologics ,http://www.sabio.com.sg/
Singapore Biotech ,https://www.singbio.com/
Specialized Therapeutics ,https://www.stabiopharma.com/
Sphaera Pharma ,http://www.sphaerapharma.com/
Sprim ,https://www.sprim.com/
TauRx Therapeutics ,https://taurx.com/
Teleflex Medical ,https://www.teleflex.com/usa/en/
Tessa Therapeutics ,https://www.tessatherapeutics.com/
The Reg Consultants ,https://theregconsultantspteltd.wpcomstaging.com/
Twist Bioscience ,https://www.twistbioscience.com/
VacciXcell  ,http://www.vaccixcell.com/
Veredus Laboratories ,https://vereduslabs.com/
VolitionRx ,https://volition.com/
West Pharma ,https://www.westpharma.com/
RaySearch Laboratories ,https://www.raysearchlabs.com/
Dornier MedTech ,https://www.dornier.com/
QT Vascular ,https://qtvascular.com/us/
Biofourmis ,https://www.biofourmis.com/
Biolidics ,https://www.biolidics.com/
Curiox Biosystems ,https://www.curiox.com/
